,0,0
0,Nsync,*NSYNC
1,Nsync,*NSYNC
2,Nsync,*NSYNC
3,Nsync,*NSYNC
4,Nsync,*NSYNC
5,Nsync,*NSYNC
6,Nsync,*NSYNC
7,Nsync,*NSYNC
8,Nsync,*NSYNC
9,Shels,*shels
10,Shels,*shels
11,Shels,Shels
12,Shels,*shels
13,Shels,*shels
14,Shels,*shels
15,Shels,*shels
16,Shels,*shels
17,1 Giant Leap,1 Giant Leap
18,1 Giant Leap,1 Giant Leap
19,1 Giant Leap,1 Giant Leap
20,1 Giant Leap,1 Giant Leap
21,1 Giant Leap,1 Giant Leap
22,1 Giant Leap,1 Giant Leap
23,1 Giant Leap,1 Giant Leap
24,1 Giant Leap,1 Giant Leap
25,1 Giant Leap,1 Giant Leap
26,1000Mods,1000mods
27,1000Mods,1000mods
28,1000Mods,1000mods
29,1000Mods,1000mods
30,1000Mods,1000mods
31,1000Mods,1000mods
32,1000Mods,1000mods
33,1000Mods,1000mods
34,1000Mods,1000mods
35,1000Mods,1000mods
36,10Cc,10cc
37,10Cc,10cc
38,10Cc,10cc
39,10Cc,10cc
40,10Cc,10cc
41,10Cc,10cc
42,10Cc,10cc
43,10Cc,10cc
44,10Cc,10cc
45,10Cc,10cc
46,12 Stones,12 Stones
47,12 Stones,12 Stones
48,12 Stones,12 Stones
49,12 Stones,12 Stones
50,12 Stones,12 Stones
51,12 Stones,12 Stones
52,12 Stones,12 Stones
53,12 Stones,12 Stones
54,12 Stones,12 Stones
55,12 Stones,12 Stones
56,1200 Micrograms,1200 Micrograms
57,1200 Micrograms,1200 Micrograms
58,1200 Micrograms,1200 Micrograms
59,1200 Micrograms,1200 Micrograms
60,1200 Micrograms,1200 Micrograms
61,1200 Micrograms,1200 Micrograms
62,1200 Micrograms,1200 Micrograms
63,1200 Micrograms,1200 Micrograms
64,1200 Micrograms,1200 Micrograms
65,1200 Micrograms,1200 Micrograms
66,12Th Planet,12th Planet
67,12Th Planet,12th Planet
68,12Th Planet,12th Planet
69,12Th Planet,12th Planet
70,12Th Planet,12th Planet
71,12Th Planet,12th Planet
72,12Th Planet,12th Planet
73,16 Horsepower,16 Horsepower
74,16 Horsepower,16 Horsepower
75,16 Horsepower,16 Horsepower
76,16 Horsepower,16 Horsepower
77,16 Horsepower,16 Horsepower
78,16 Horsepower,16 Horsepower
79,16 Horsepower,16 Horsepower
80,16 Horsepower,16 Horsepower
81,16 Horsepower,16 Horsepower
82,16 Horsepower,16 Horsepower
83,18 Carat Affair,18 Carat Affair
84,18 Carat Affair,18 Carat Affair
85,2 Chainz,2 Chainz
86,2 Chainz,2 Chainz
87,2 Chainz,2 Chainz
88,2 Chainz,2 Chainz
89,2 Chainz,2 Chainz
90,2 Chainz,2 Chainz
91,2 Chainz,2 Chainz
92,2 Chainz,2 Chainz
93,2 Chainz,2 Chainz
94,2 Chainz,2 Chainz
95,21 Savage,21 Savage
96,21 Savage,21 Savage
97,21 Savage,21 Savage
98,21 Savage,21 Savage
99,21 Savage,21 Savage
100,21 Savage,21 Savage
101,21 Savage,21 Savage
102,21 Savage,21 Savage
103,21 Savage,21 Savage
104,21 Savage,21 Savage
105,2814,２８１４
106,2814,2814
107,2Cellos,2CELLOS
108,2Cellos,2CELLOS
109,2Ne1,2NE1
110,2Ne1,2NE1
111,2Ne1,2NE1
112,2Ne1,2Ne1
113,2Pac,2Pac
114,2Pac,2Pac
115,2Pac,2Pac
116,2Pac,2Pac
117,2Pac,2Pac
118,2Pac,2Pac
119,2Pac,2Pac
120,2Pac,2Pac
121,2Pac,2Pac
122,2Pac,2Pac
123,3 Doors Down,3 Doors Down
124,3 Doors Down,3 Doors Down
125,3 Doors Down,3 Doors Down
126,3 Doors Down,3 Doors Down
127,3 Doors Down,3 Doors Down
128,3 Doors Down,3 Doors Down
129,3 Doors Down,3 Doors Down
130,3 Doors Down,3 Doors Down
131,3 Doors Down,3 Doors Down
132,3 Doors Down,3 Doors Down
133,311,311
134,311,311
135,311,311
136,311,311
137,311,311
138,311,311
139,311,311
140,311,311
141,311,311
142,311,311
143,3Lau,3LAU
144,3Lau,3LAU
145,3Lau,3LAU
146,3Lau,3LAU
147,3Lau,3LAU
148,3Lau,3LAU
149,3Lau,3LAU
150,3Lau,3LAU
151,3Lau,3LAU
152,3Lau,3LAU
153,3Oh!3,3OH!3
154,3Oh!3,3OH!3
155,3Oh!3,3OH!3
156,3Oh!3,3OH!3
157,3Oh!3,3OH!3
158,3Oh!3,3Oh!3
159,3Oh!3,3OH!3
160,3Oh!3,3OH!3
161,45 Grave,45 Grave
162,45 Grave,45 Grave
163,45 Grave,45 Grave
164,45 Grave,45 Grave
165,45 Grave,45 Grave
166,45 Grave,45 Grave
167,45 Grave,45 Grave
168,45 Grave,45 Grave
169,45 Grave,45 Grave
170,45 Grave,45 Grave
171,5 Seconds Of Summer,5 Seconds of Summer
172,5 Seconds Of Summer,5 Seconds of Summer
173,5 Seconds Of Summer,5 Seconds of Summer
174,5 Seconds Of Summer,5 Seconds of Summer
175,5 Seconds Of Summer,5 Seconds of Summer
176,5 Seconds Of Summer,5 Seconds of Summer
177,5 Seconds Of Summer,5 Seconds of Summer
178,5 Seconds Of Summer,5 Seconds of Summer
179,5 Seconds Of Summer,5 Seconds of Summer
180,5 Seconds Of Summer,5 Seconds of Summer
181,50 Cent,50 Cent
182,50 Cent,50 Cent
183,50 Cent,50 Cent
184,50 Cent,50 Cent
185,50 Cent,50 Cent
186,50 Cent,50 Cent
187,50 Cent,50 Cent
188,50 Cent,50 Cent
189,50 Cent,50 Cent
190,50 Cent,50 Cent
191,65Daysofstatic,65daysofstatic
192,65Daysofstatic,65daysofstatic
193,65Daysofstatic,65daysofstatic
194,65Daysofstatic,65daysofstatic
195,65Daysofstatic,65daysofstatic
196,Three 6 Mafia,Three 6 Mafia
197,Three 6 Mafia,Three 6 Mafia
198,Three 6 Mafia,Three 6 Mafia
199,Three 6 Mafia,Three 6 Mafia
