track_id,artists,tracks,artist_id,track_popularity,track_url
62bOmKYxYg7dhrC6gH9vFn,*NSYNC,bye bye bye,6Ff53KvcvAj5U7Z1vojB5o,71,https://p.scdn.co/mp3-preview/612fd571c0216fa3f2523a77a83abd794c8d9478?cid=72c9f2b9d3344c91af50a24f4144228f
,*NSYNC,it s gonna be me,,,
,*NSYNC,tearin  up my heart,,,
4CCUjYJPbSXLL23BFeBVbI,*NSYNC,gone,6Ff53KvcvAj5U7Z1vojB5o,52,https://p.scdn.co/mp3-preview/eea62070ce8779960f653d7f409531f997ceac57?cid=72c9f2b9d3344c91af50a24f4144228f
4v9WbaxW8HdjqfUiWYWsII,*NSYNC,"merry christmas, happy holidays",6Ff53KvcvAj5U7Z1vojB5o,39,https://p.scdn.co/mp3-preview/158f2eafaa4f03f58cede428618768126aa4d5a7?cid=72c9f2b9d3344c91af50a24f4144228f
0gbysjaH16DW29QpUnowcx,*NSYNC,it makes me ill,6Ff53KvcvAj5U7Z1vojB5o,46,https://p.scdn.co/mp3-preview/c00dc4528ddf44eb0717759750a1464c6c878279?cid=72c9f2b9d3344c91af50a24f4144228f
46n2EGFnPC3tzWCN1Aqe26,*NSYNC,this i promise you,6Ff53KvcvAj5U7Z1vojB5o,65,https://p.scdn.co/mp3-preview/0b9a69ffaf5fbb5217f65bd6bc0c7de144a2721d?cid=72c9f2b9d3344c91af50a24f4144228f
0Jc8qF1mUPo1A96HE9QxZz,*NSYNC,pop,6Ff53KvcvAj5U7Z1vojB5o,56,https://p.scdn.co/mp3-preview/edcadba3c2b60c2f5767ccf14ce2f817f1027395?cid=72c9f2b9d3344c91af50a24f4144228f
221LRlPHPuevgE1tuUlof9,*NSYNC,i want you back,6Ff53KvcvAj5U7Z1vojB5o,60,https://p.scdn.co/mp3-preview/3cbf84331a097fd1b1c98aba650657a88a7b3092?cid=72c9f2b9d3344c91af50a24f4144228f
,*shels,butterflies on luci s way,,,
2hsljPUHPA1L5B4uZIo0Sg,*shels,journey to the plains,0Ivm3PYwfVFeq2trxYqLi2,34,https://p.scdn.co/mp3-preview/58839ae0b9a0bedb4772bccc026ac6dcb7c5f32d?cid=72c9f2b9d3344c91af50a24f4144228f
,Shels,plains of the purple buffalo pt. 2,,,
3wbGsUYUxJkGElBItCB2Nj,*shels,the conference of the birds,0Ivm3PYwfVFeq2trxYqLi2,35,https://p.scdn.co/mp3-preview/74d162110f5d3be09cd0ce1d58a844b344df27de?cid=72c9f2b9d3344c91af50a24f4144228f
7vAOaZsR2tdcvHCnl3bhsU,*shels,conqueror,0Ivm3PYwfVFeq2trxYqLi2,14,https://p.scdn.co/mp3-preview/00f36e6cd09ba8af798e02b192e0b4a99a525e26?cid=72c9f2b9d3344c91af50a24f4144228f
4clrAfdFqNgwzflLDqqjqJ,*shels,the spirit horse,0Ivm3PYwfVFeq2trxYqLi2,14,https://p.scdn.co/mp3-preview/1071a64de2a75158895693c5746497c55e41c380?cid=72c9f2b9d3344c91af50a24f4144228f
6m3SrU56l5J9yCZZ1ePh8w,*shels,vision quest,0Ivm3PYwfVFeq2trxYqLi2,19,https://p.scdn.co/mp3-preview/2c5394c5e1abffcefa85009dcb62e099aa8a9941?cid=72c9f2b9d3344c91af50a24f4144228f
3YPNWuPO2lUx64DlzrjL4b,*shels,atoll,0Ivm3PYwfVFeq2trxYqLi2,15,https://p.scdn.co/mp3-preview/4de7b2b96de58d37e3b820b244e179c32af36ba0?cid=72c9f2b9d3344c91af50a24f4144228f
48WbbabDVnaitQgj4f3039,1 Giant Leap,my culture,1FrtBRcnPjZjaE9wWMANck,16,https://p.scdn.co/mp3-preview/ae366df65c41a3e8523b588d6f381ad326ec8ec2?cid=72c9f2b9d3344c91af50a24f4144228f
,1 Giant Leap,braided hair,,,
,1 Giant Leap,passion,,,
,1 Giant Leap,daphne,,,
,1 Giant Leap,arrival,,,
,1 Giant Leap,the way you dream,,,
,1 Giant Leap,all alone (on eilean shona),,,
,1 Giant Leap,racing away,,,
,1 Giant Leap,ma  africa,,,
0GHRVjxxKDpFBHKMfoTiQ2,1000mods,vidage,7EgAHTw2PMP7a1tAEtue89,47,https://p.scdn.co/mp3-preview/37c1fbfd43c4053d16a183d49425334bbd864d01?cid=72c9f2b9d3344c91af50a24f4144228f
5WwuCMgmm2ADpubXo4qmUz,1000mods,she,7EgAHTw2PMP7a1tAEtue89,30,https://p.scdn.co/mp3-preview/de38bed8e426f31eeddf32dc7f5a26867ea88ce8?cid=72c9f2b9d3344c91af50a24f4144228f
0pojbrpMtuUWzojK1F7wOU,1000mods,electric carve,7EgAHTw2PMP7a1tAEtue89,37,https://p.scdn.co/mp3-preview/ef13f6b7b07171b65c4c222075f04d7e46c0b586?cid=72c9f2b9d3344c91af50a24f4144228f
2RNzwwqSro8Gcuu3svSrhM,1000mods,low,7EgAHTw2PMP7a1tAEtue89,36,https://p.scdn.co/mp3-preview/b43089d233bbc501ba2bcc9a336771b758de6953?cid=72c9f2b9d3344c91af50a24f4144228f
4kyesMU5MvTLGKczuhKnVn,1000mods,road to burn,7EgAHTw2PMP7a1tAEtue89,40,https://p.scdn.co/mp3-preview/3e59afc6eef70f30721ece30ad82cdbeda0a76e5?cid=72c9f2b9d3344c91af50a24f4144228f
1gl4nHeddPsq9bCaxHFJiW,1000mods,claws,7EgAHTw2PMP7a1tAEtue89,34,https://p.scdn.co/mp3-preview/fdc8ddef8622a35c874ca743a25328c595fea3b1?cid=72c9f2b9d3344c91af50a24f4144228f
2XUkUPWXa5RZP2hGQtXVcR,1000mods,loose,7EgAHTw2PMP7a1tAEtue89,30,https://p.scdn.co/mp3-preview/6b5c40d7f213ee18a7577d540027c176b69663a0?cid=72c9f2b9d3344c91af50a24f4144228f
503S4OpOynqYxV2iaMjQVd,1000mods,super van vacation,7EgAHTw2PMP7a1tAEtue89,27,https://p.scdn.co/mp3-preview/85f8021896e6aee973be59d032ae9a046e0c47cd?cid=72c9f2b9d3344c91af50a24f4144228f
0gJ5VXDncxLC3RntVAGHPt,1000mods,the son,7EgAHTw2PMP7a1tAEtue89,26,https://p.scdn.co/mp3-preview/8e9ac3844d3cab441ab0355d42e192d974862dce?cid=72c9f2b9d3344c91af50a24f4144228f
15EQkPa8HPO9ZqNUxrsXwo,1000mods,on a stone,7EgAHTw2PMP7a1tAEtue89,22,https://p.scdn.co/mp3-preview/5d970ae964c71cfa069adef904dbc3ea02505b48?cid=72c9f2b9d3344c91af50a24f4144228f
,10cc,i m not in love,,,
1LOZMYF5s8qhW7Rv4w2gun,10cc,dreadlock holiday,6i6WlGzQtXtz7GcC5H5st5,67,
6KEWtSOGKpIXGw6l1uJgsR,10cc,the things we do for love,6i6WlGzQtXtz7GcC5H5st5,66,
1QQgSUKCG8GakzMOwi4lFS,10cc,rubber bullets,6i6WlGzQtXtz7GcC5H5st5,48,https://p.scdn.co/mp3-preview/21232a27e6b08f53aaee945c99e997fd90f39c18?cid=72c9f2b9d3344c91af50a24f4144228f
,10cc,"i m mandy, fly me",,,
7zOA2G5QfADpx83SfYGsKd,10cc,life is a minestrone,6i6WlGzQtXtz7GcC5H5st5,38,
0U8SDgf7UiNG68oa7CkSrc,10cc,une nuit a paris,6i6WlGzQtXtz7GcC5H5st5,28,
3HyZGwZAq9oQJQBzSyjs7Q,10cc,the wall street shuffle,6i6WlGzQtXtz7GcC5H5st5,24,
0orDEh9TN4jkgnDIXJkXnN,10cc,the worst band in the world,6i6WlGzQtXtz7GcC5H5st5,36,
1fMGRxKRtIKNyaMMGrzInM,10cc,good morning judge,6i6WlGzQtXtz7GcC5H5st5,53,
471eQ7hcJ7JdGY1NzMmUeg,12 Stones,world so cold,0DrXhci3WAyo0WJv1RBOG6,55,
4lhqal0Hq63U2wETCeBdG1,12 Stones,we are one,0DrXhci3WAyo0WJv1RBOG6,60,
6FFwt1ea9hJ4MfMQLywahm,12 Stones,anthem for the underdog,0DrXhci3WAyo0WJv1RBOG6,59,
3Yo9kEVE2UVSVFtxNXK2u2,12 Stones,broken,0DrXhci3WAyo0WJv1RBOG6,51,
3X3mBkzuJ9GfQVFrDBI1HO,12 Stones,it was you,0DrXhci3WAyo0WJv1RBOG6,42,
1fbLPjsAXq7gZPtOK9QCZU,12 Stones,lie to me,0DrXhci3WAyo0WJv1RBOG6,50,
6pd7MGEdSsaXwJblBVML31,12 Stones,the way i feel,0DrXhci3WAyo0WJv1RBOG6,42,
0487NR3smp6XWZxyq4DVww,12 Stones,crash,0DrXhci3WAyo0WJv1RBOG6,49,
,12 Stones,we are one (picture perfect sessions),,,
,12 Stones,lie to me (acoustic),,,
3G3cpknRLszl9vH9knbGHt,1200 Micrograms,mescaline,2opB8qXyAmLYSGEZxp7X3U,29,https://p.scdn.co/mp3-preview/dc7361c57262ee2ce4e307e841185e47da86a6a0?cid=72c9f2b9d3344c91af50a24f4144228f
1c6j6uYwk6DwuqwFAzetz2,1200 Micrograms,acid for nothing,2opB8qXyAmLYSGEZxp7X3U,40,https://p.scdn.co/mp3-preview/3bbbaf138a7937e5f298d9e89463a275231251f7?cid=72c9f2b9d3344c91af50a24f4144228f
4rv7onMvXIywjbdYs0OI25,1200 Micrograms,lsd,2opB8qXyAmLYSGEZxp7X3U,28,https://p.scdn.co/mp3-preview/508fb2f520439c4209293ae07efa443adb52b7cd?cid=72c9f2b9d3344c91af50a24f4144228f
1npvnSIrXCHuKVYKS7KK4G,1200 Micrograms,marijuana,2opB8qXyAmLYSGEZxp7X3U,20,https://p.scdn.co/mp3-preview/66975c0f6026c79f9916d300cbfee2125fe8ac38?cid=72c9f2b9d3344c91af50a24f4144228f
220M5YqllbzylOPcfyllzW,1200 Micrograms,dmt,2opB8qXyAmLYSGEZxp7X3U,27,https://p.scdn.co/mp3-preview/ce4da7d6ed2c94d9d88492ec46b7c5c8da3507d4?cid=72c9f2b9d3344c91af50a24f4144228f
,1200 Micrograms,shivas india,,,
49NiBykpqF9sqSXnXR9qV9,1200 Micrograms,ayahuasca,2opB8qXyAmLYSGEZxp7X3U,26,https://p.scdn.co/mp3-preview/4472462fc443a50b6f4d7f6f7474ab3ebc09da30?cid=72c9f2b9d3344c91af50a24f4144228f
5fwwHcpISgKv0ehPfsCeOS,1200 Micrograms,magic mushrooms,2opB8qXyAmLYSGEZxp7X3U,23,https://p.scdn.co/mp3-preview/ec6a9cd21a0b9755e9c2119bf61d588f5b3d5dfe?cid=72c9f2b9d3344c91af50a24f4144228f
1DDRdAGahMxVa5hqN6agOk,1200 Micrograms,mescaline - astrix remix,2opB8qXyAmLYSGEZxp7X3U,20,https://p.scdn.co/mp3-preview/97fbba9741d5f27d36c939139a650e1d61435388?cid=72c9f2b9d3344c91af50a24f4144228f
6vD9TkHRdxH5fpGxmAjnIO,1200 Micrograms,salvia divinorum,2opB8qXyAmLYSGEZxp7X3U,18,https://p.scdn.co/mp3-preview/33b71c6c995b544ad463e7a74a7a0eb4975c9bd9?cid=72c9f2b9d3344c91af50a24f4144228f
685JFuMdEEinDVrVvPPmog,12th Planet,hide it all,3V1h3kAdiVDBiwlY2i6dJz,32,https://p.scdn.co/mp3-preview/e17e907e8847b3a27552720eaef709477f3cc411?cid=72c9f2b9d3344c91af50a24f4144228f
35Qf9mP6LoopjOVwgPAKoY,12th Planet,swamplex terrestrial,3V1h3kAdiVDBiwlY2i6dJz,24,https://p.scdn.co/mp3-preview/bfe1fffd4835013728357e1958ff1e512c2ad5a1?cid=72c9f2b9d3344c91af50a24f4144228f
2A7C2pIp1N0sgOi0aM6z3g,12th Planet,let it bang,3V1h3kAdiVDBiwlY2i6dJz,19,https://p.scdn.co/mp3-preview/5cb107204eaa46ec6101e2d47d635c143e39fa89?cid=72c9f2b9d3344c91af50a24f4144228f
1HJW2w61lh3XcsnfnOR9p4,12th Planet,follow,3V1h3kAdiVDBiwlY2i6dJz,39,https://p.scdn.co/mp3-preview/ef07dc598b117870f027d50d635d6ee99961f848?cid=72c9f2b9d3344c91af50a24f4144228f
5TMYoiWElQzD4UsTvtX8kx,12th Planet,let us prey,3V1h3kAdiVDBiwlY2i6dJz,15,https://p.scdn.co/mp3-preview/15a9234eff6e1126bed600418e8e88e0f62d3b2c?cid=72c9f2b9d3344c91af50a24f4144228f
5Yu2XAETE0p1dLzbgoX3WN,12th Planet,supernova,3V1h3kAdiVDBiwlY2i6dJz,23,https://p.scdn.co/mp3-preview/a492095a74937ed70307a86962abd5d12a7119d6?cid=72c9f2b9d3344c91af50a24f4144228f
3h8qGav0CXwYxQdio24Q1U,12th Planet,no other,3V1h3kAdiVDBiwlY2i6dJz,14,https://p.scdn.co/mp3-preview/39aaee4f173e063fbb20500dae68063e40ddbd3b?cid=72c9f2b9d3344c91af50a24f4144228f
1mZmjuLoslfYSEOXojo8BS,16 Horsepower,black soul choir,188gwh9RnRT58ZQPwqwHE3,32,
6TdOOA2PBxP8jKO0p9Elc9,16 Horsepower,american wheeze,188gwh9RnRT58ZQPwqwHE3,33,https://p.scdn.co/mp3-preview/a58993d86f104f207c722c7381b02b98321ff0b4?cid=72c9f2b9d3344c91af50a24f4144228f
4hFUodlSK6gjLoz1US6snk,16 Horsepower,i seen what i saw,188gwh9RnRT58ZQPwqwHE3,25,
,16 Horsepower,hutterite mile,,,
7My5DIityXisMnm7PRfrTt,16 Horsepower,haw,188gwh9RnRT58ZQPwqwHE3,22,
7esMcjyZVhZfFyv7VYxVA6,16 Horsepower,scrawled in sap,188gwh9RnRT58ZQPwqwHE3,19,
1nzQhAyJBeWmR75nGcrbKG,16 Horsepower,brimstone rock,188gwh9RnRT58ZQPwqwHE3,27,
6sqoptJC1QKPjqes9tu0R4,16 Horsepower,wayfaring stranger,188gwh9RnRT58ZQPwqwHE3,30,https://p.scdn.co/mp3-preview/0cfc759cea677e77773587a2efdaf2c888ba306c?cid=72c9f2b9d3344c91af50a24f4144228f
,16 Horsepower,outlaw song,,,
5nfiSyMCAPc92bOtuvMxgm,16 Horsepower,low estate,188gwh9RnRT58ZQPwqwHE3,12,
6WggMrFlBurKs4sTGSV4RG,18 Carat Affair,love you like before,0va8U409dr4gA1zQ2gSnD5,33,https://p.scdn.co/mp3-preview/d7941561f022cf57c28059bcf46d954d488cf8f8?cid=72c9f2b9d3344c91af50a24f4144228f
0OGa4HYtYRWYysrGjpGVyw,18 Carat Affair,desire,0va8U409dr4gA1zQ2gSnD5,42,https://p.scdn.co/mp3-preview/83a88e0ca7d204a419bb556a27ee51a9f1e41c7e?cid=72c9f2b9d3344c91af50a24f4144228f
5qkWTBmDmZjogwIvbKtJQv,2 Chainz,birthday song,17lzZA2AlOHwCwFALHttmp,54,
6j9iyrrmqWlQZ5SD1hSTaq,2 Chainz,no lie,17lzZA2AlOHwCwFALHttmp,60,
,2 Chainz,i m different,,,
39pS70eeDvyCAF3t8NAlVV,2 Chainz,good drank,17lzZA2AlOHwCwFALHttmp,59,
07RXBKfyCYIYRMLCvlGWXU,2 Chainz,feds watching,17lzZA2AlOHwCwFALHttmp,47,
1nX9KhK3Fff27SnrIor2Yb,2 Chainz,4:00 am,17lzZA2AlOHwCwFALHttmp,65,
22DKsoYFV5npPXmnPpXL7i,2 Chainz,watch out,17lzZA2AlOHwCwFALHttmp,54,
,2 Chainz,it s a vibe,,,
0NA4ULVsnaQ0JhLT0fBxPA,2 Chainz,crack,17lzZA2AlOHwCwFALHttmp,37,
5tkDCf3xKRZjT5RbCb3sZB,2 Chainz,big amount,17lzZA2AlOHwCwFALHttmp,53,
5eqK0tbzUPo2SoeZsov04s,21 Savage,bank account,1URnnhqYAYcrqrcwql10ft,77,https://p.scdn.co/mp3-preview/f604f6987f32e3208b4b121b0ab85e15d51003da?cid=72c9f2b9d3344c91af50a24f4144228f
,21 Savage, a lot,,,
,21 Savage, ball w/o you,,,
3cqZH3cqvfbV8wVbvHyPbG,21 Savage,red opps,1URnnhqYAYcrqrcwql10ft,61,https://p.scdn.co/mp3-preview/61482a8b1dda9ffcaf6b18e6e2082a8bf6bdaf40?cid=72c9f2b9d3344c91af50a24f4144228f
,21 Savage, can t leave without it,,,
,21 Savage, monster,,,
4IO8X9W69dIQe0EC5ALXhq,21 Savage,immortal,1URnnhqYAYcrqrcwql10ft,70,https://p.scdn.co/mp3-preview/e5dffe32645df3ea781c2fb4af4f06587b5c6337?cid=72c9f2b9d3344c91af50a24f4144228f
,21 Savage, all my friends,,,
0G149jkGWKwrPXUGkEDgWM,21 Savage,numb,1URnnhqYAYcrqrcwql10ft,60,https://p.scdn.co/mp3-preview/bbfa4fab030f3fd958fd02fdf6cb773afeba7c8e?cid=72c9f2b9d3344c91af50a24f4144228f
,21 Savage, asmr,,,
,２８１４,lost in a dream,,,
,2814,  (distant lovers),,,
1jkuOkpviYuEGLIo4LPCgI,2CELLOS,bang bang,6Fi8CHfO8WGtu3yO8c2Mc4,29,https://p.scdn.co/mp3-preview/70c28c74755a7c60ac80fc52dc20b34dde1b69a3?cid=72c9f2b9d3344c91af50a24f4144228f
1iqy3M9K1lmr0GXI0wOW41,2CELLOS,supermassive black hole,6Fi8CHfO8WGtu3yO8c2Mc4,36,https://p.scdn.co/mp3-preview/5322a3b7a817f75bad410b138cb635fea0a89891?cid=72c9f2b9d3344c91af50a24f4144228f
63J1RStsmoVKXNTCHRNxii,2NE1,come back home,1l0mKo96Jh9HVYONcRl3Yp,57,https://p.scdn.co/mp3-preview/d05161dc1e8e4402a9968f36f948d2f39f6f6d8e?cid=72c9f2b9d3344c91af50a24f4144228f
,2NE1,can t nobody (english version),,,
,2NE1,come back home (unplugged version),,,
,2Ne1,lonely (jp ver.),,,
,2Pac,hit  em up,,,
1ofhfV90EnYhEr7Un2fWiv,2Pac,changes,1ZwdS5xdxEREPySFridCfh,71,
0XRbYXQUymj9SJkrr8YK5B,2Pac,keep ya head up,1ZwdS5xdxEREPySFridCfh,69,
2zoobJFEB9h15fjYjRd6oP,2Pac,hail mary,1ZwdS5xdxEREPySFridCfh,66,
6tDxrq4FxEL2q15y37tXT9,2Pac,dear mama,1ZwdS5xdxEREPySFridCfh,71,
3ia3dJETSOllPsv3LJkE35,2Pac,california love,1ZwdS5xdxEREPySFridCfh,78,
5g9lS8deSIxItFBmZRC4vN,2Pac,ambitionz az a ridah,1ZwdS5xdxEREPySFridCfh,78,
4VQNCzfZ3MdHEwwErNXpBo,2Pac,all eyez on me,1ZwdS5xdxEREPySFridCfh,76,
1qZqFtSINOOmjYH1UE9805,2Pac,life goes on,1ZwdS5xdxEREPySFridCfh,58,
6LwrEZNkvFTOypNwSLjuaJ,2Pac,2 of amerikaz most wanted,1ZwdS5xdxEREPySFridCfh,67,
3NLrRZoMF0Lx6zTlYqeIo4,3 Doors Down,here without you,2RTUTCvo6onsAnheUk3aL9,75,
6ZOBP3NvffbU4SZcrnt1k6,3 Doors Down,kryptonite,2RTUTCvo6onsAnheUk3aL9,78,
,3 Doors Down,when i m gone,,,
1aC1IBAETh2XYGOE8kCC6t,3 Doors Down,loser,2RTUTCvo6onsAnheUk3aL9,60,
,3 Doors Down,it s not my time,,,
3PbHle8KhJp6GuO1jLdEmQ,3 Doors Down,be like that,2RTUTCvo6onsAnheUk3aL9,62,
3THdexHRmED4euIY91Zrxc,3 Doors Down,away from the sun,2RTUTCvo6onsAnheUk3aL9,56,
0nNVR2iDM3eVzEgMi78vQm,3 Doors Down,let me go,2RTUTCvo6onsAnheUk3aL9,55,
69fOcFyjsjZtUHyWGEQndl,3 Doors Down,landing in london,2RTUTCvo6onsAnheUk3aL9,50,
,3 Doors Down,the road i m on,,,
6Fe3Flc9SjE03pqwD6PVQl,311,amber,41Q0HrwWBtuUkJc7C1Rp6K,64,https://p.scdn.co/mp3-preview/11ccf09b6878825b98c54c01630adfabe42a0f25?cid=72c9f2b9d3344c91af50a24f4144228f
0LtsuNRz3IMRrHCYO9fKRk,311,beautiful disaster,41Q0HrwWBtuUkJc7C1Rp6K,62,https://p.scdn.co/mp3-preview/d47b7a52af2851108ab9c8516fbe5e72343ea3c4?cid=72c9f2b9d3344c91af50a24f4144228f
0HDaKOlVAfUWXdFR2RhBtN,311,down,41Q0HrwWBtuUkJc7C1Rp6K,58,https://p.scdn.co/mp3-preview/adf173c08fbb99838c0dc5f65723b356a41a8b6a?cid=72c9f2b9d3344c91af50a24f4144228f
3mtukCAgd0mE260QcBfXAX,311,love song,41Q0HrwWBtuUkJc7C1Rp6K,59,https://p.scdn.co/mp3-preview/51b902259f3f21236bb1d8f09183f9e9dc0e6479?cid=72c9f2b9d3344c91af50a24f4144228f
18ZOH3KKu5Elt5ysocFyX4,311,all mixed up,41Q0HrwWBtuUkJc7C1Rp6K,60,https://p.scdn.co/mp3-preview/2de654a9b858bae177d0b83e4958860e57521d3f?cid=72c9f2b9d3344c91af50a24f4144228f
2PGaYCles9SXXCjYOcjyfk,311,too much to think,41Q0HrwWBtuUkJc7C1Rp6K,43,https://p.scdn.co/mp3-preview/9e1e1ba4d589b86619f91f70d3460e920a62cd2c?cid=72c9f2b9d3344c91af50a24f4144228f
,311,i ll be here awhile,,,
4HcgoL4KNExj5LgmmFCj0D,311,come original,41Q0HrwWBtuUkJc7C1Rp6K,45,https://p.scdn.co/mp3-preview/51f79fc09aa39303e0181f6f5f54967c9870cca5?cid=72c9f2b9d3344c91af50a24f4144228f
72883LUIaCoAnlKjTaiXip,311,too late,41Q0HrwWBtuUkJc7C1Rp6K,31,https://p.scdn.co/mp3-preview/4aa93ec61c41f2e1aea4b725ab2125b50b4d48f1?cid=72c9f2b9d3344c91af50a24f4144228f
6pqjhO9cDziDKLK0Oejaqz,311,beyond the gray sky,41Q0HrwWBtuUkJc7C1Rp6K,31,https://p.scdn.co/mp3-preview/9cae6423f58d929247cc47d00d1b76f62de0e7ef?cid=72c9f2b9d3344c91af50a24f4144228f
5JKU2tXiG3yvJtefNwe7ZQ,3LAU,touch,4YLQaW1UU3mrVetC8gNkg5,50,https://p.scdn.co/mp3-preview/1f37f1f5f84e1b3bb5aefa9e9f3c5a809c55a21b?cid=72c9f2b9d3344c91af50a24f4144228f
2ig0x2zNvcOugS1Z0YCnHb,3LAU,is it love,4YLQaW1UU3mrVetC8gNkg5,48,https://p.scdn.co/mp3-preview/01339ebecd577aa683ae5fc78424f503101da97f?cid=72c9f2b9d3344c91af50a24f4144228f
1nas007nDbzLwDGwvMdz79,3LAU,how you love me,4YLQaW1UU3mrVetC8gNkg5,53,
0YVh9PLITnoaMgc2LG3sqi,3LAU,star crossed,4YLQaW1UU3mrVetC8gNkg5,33,https://p.scdn.co/mp3-preview/5cd8f23cc67cc2f52993c98d19f61536f3db0a62?cid=72c9f2b9d3344c91af50a24f4144228f
0ZDDzzxry7vf3rrg2xYOo6,3LAU,on my own,4YLQaW1UU3mrVetC8gNkg5,38,https://p.scdn.co/mp3-preview/5fbc353f6c1bda599d14756e660f084c206d3212?cid=72c9f2b9d3344c91af50a24f4144228f
1UFq2OJXahilmefKhSIA8p,3LAU,on my mind,4YLQaW1UU3mrVetC8gNkg5,38,https://p.scdn.co/mp3-preview/a2c90b013d38741ed52f85236fddbb35897a2f1e?cid=72c9f2b9d3344c91af50a24f4144228f
0YRRY9xvuAQgBHW9qiFwNr,3LAU,close,4YLQaW1UU3mrVetC8gNkg5,35,https://p.scdn.co/mp3-preview/96af5fa5653ff0d84554ddd1457a4d59b0a4daf6?cid=72c9f2b9d3344c91af50a24f4144228f
0fHvKAddOl23DNbklkGhMS,3LAU,you want more,4YLQaW1UU3mrVetC8gNkg5,30,https://p.scdn.co/mp3-preview/0c5b5aef1ae888ff3db176f37a97d631fe0c1851?cid=72c9f2b9d3344c91af50a24f4144228f
7K0PcGvMUi3KF7El8U6GKZ,3LAU,walk away,4YLQaW1UU3mrVetC8gNkg5,34,https://p.scdn.co/mp3-preview/adb8753e2731322493183ea30ee98a954db9fda9?cid=72c9f2b9d3344c91af50a24f4144228f
1QCVN7PEJ0dMiIDOG6ZJUf,3LAU,tokyo,4YLQaW1UU3mrVetC8gNkg5,49,https://p.scdn.co/mp3-preview/39700bc0ec78e4ff52739f4cdbd30a67990ed12b?cid=72c9f2b9d3344c91af50a24f4144228f
,3OH!3,don t trust me,,,
3CTADTq78UJGBj6qyuaqAB,3OH!3,my dick,0FWzNDaEu9jdgcYTbcOa4F,35,https://p.scdn.co/mp3-preview/374ba81b811a19ccf5ac6b7ea749d23a539f169a?cid=72c9f2b9d3344c91af50a24f4144228f
1hBM2D1ULT3aeKuddSwPsK,3OH!3,starstrukk,0FWzNDaEu9jdgcYTbcOa4F,64,https://p.scdn.co/mp3-preview/ea2615f3db7add4e1bd3e2632d041423b382dde3?cid=72c9f2b9d3344c91af50a24f4144228f
17tDv8WA8IhqE8qzuQn707,3OH!3,my first kiss,0FWzNDaEu9jdgcYTbcOa4F,62,https://p.scdn.co/mp3-preview/8f5acdc9d3994c62aa5e1d7570e5ead837868ea2?cid=72c9f2b9d3344c91af50a24f4144228f
3JfbMm4LfBmm96mkKhyG6I,3OH!3,richman,0FWzNDaEu9jdgcYTbcOa4F,45,https://p.scdn.co/mp3-preview/cb72b8f16a0ff4b987fccc217d876e79656eae55?cid=72c9f2b9d3344c91af50a24f4144228f
,3Oh!3,i m not your boyfriend baby,,,
,3OH!3,touchin  on my,,,
0R97k5AJy1udJI6mGV82FJ,3OH!3,dirty mind,0FWzNDaEu9jdgcYTbcOa4F,64,https://p.scdn.co/mp3-preview/cf3f7a5d1789ee05ec78e72323e58bb7c62db897?cid=72c9f2b9d3344c91af50a24f4144228f
79fmrMgB2y6IP9lrKLclyn,45 Grave,party time,7swtUG7Md62y3wP2huMeab,11,https://p.scdn.co/mp3-preview/bda048265896ae1e710e2e646f06cb834a948259?cid=72c9f2b9d3344c91af50a24f4144228f
1Khz3jzqOomoHt8JgREX0S,45 Grave,riboflavin,7swtUG7Md62y3wP2huMeab,32,https://p.scdn.co/mp3-preview/7a9a497011c5e8168ecd5e0796499c5700a97e28?cid=72c9f2b9d3344c91af50a24f4144228f
2nBCXzLuyPD6nYopKqYFwH,45 Grave,evil,7swtUG7Md62y3wP2huMeab,34,https://p.scdn.co/mp3-preview/31b81a587202942cca20d33c350e9ca099407b83?cid=72c9f2b9d3344c91af50a24f4144228f
42FSBOSnDne4cZKDDRWoHX,45 Grave,45 grave,7swtUG7Md62y3wP2huMeab,14,https://p.scdn.co/mp3-preview/dd929981719304f9282b14981b5325bbab109fcb?cid=72c9f2b9d3344c91af50a24f4144228f
2zbPBH3SWhHIJwlkOMoTpD,45 Grave,insurance from god,7swtUG7Md62y3wP2huMeab,19,https://p.scdn.co/mp3-preview/06f9a837a8e823331c44c7d9b8cdfbeda0e6320f?cid=72c9f2b9d3344c91af50a24f4144228f
,45 Grave,slice o  life,,,
1yUmIktbVZpA4YjY38lUP8,45 Grave,phantoms,7swtUG7Md62y3wP2huMeab,17,https://p.scdn.co/mp3-preview/ac56bf180a3d3cff1e0ff28d820dd959ff344085?cid=72c9f2b9d3344c91af50a24f4144228f
7vsCsusYcnsoPzV1WRyAyA,45 Grave,violent world,7swtUG7Md62y3wP2huMeab,19,https://p.scdn.co/mp3-preview/3a5cb7ef626ad762842dee1e1f8da1f6ede6a725?cid=72c9f2b9d3344c91af50a24f4144228f
4EoD6rgQw4Gi2MTvwGNTlX,45 Grave,procession,7swtUG7Md62y3wP2huMeab,15,https://p.scdn.co/mp3-preview/aaa04f69841fa1873c5124395f3a0027b6a0f1f6?cid=72c9f2b9d3344c91af50a24f4144228f
3kUzWn5DDRlHBP7obj10Fo,45 Grave,bad love,7swtUG7Md62y3wP2huMeab,16,https://p.scdn.co/mp3-preview/b408247ed4d71c063e8905792eeec20bd24c0a3a?cid=72c9f2b9d3344c91af50a24f4144228f
2iUXsYOEPhVqEBwsqP70rE,5 Seconds of Summer,youngblood,5Rl15oVamLq7FbSb0NNBNy,81,
1gugDOSMREb34Xo0c1PlxM,5 Seconds of Summer,she looks so perfect,5Rl15oVamLq7FbSb0NNBNy,73,
26wLOs3ZuHJa2Ihhx6QIE6,5 Seconds of Summer,teeth,5Rl15oVamLq7FbSb0NNBNy,76,
3567eNX2L3RkkMkwspncMH,5 Seconds of Summer,lie to me,5Rl15oVamLq7FbSb0NNBNy,69,
19hh7DkfRBrpRGYfKlw7jb,5 Seconds of Summer,valentine,5Rl15oVamLq7FbSb0NNBNy,62,
5EbidH3lGB30WuDsoR4km6,5 Seconds of Summer,no shame,5Rl15oVamLq7FbSb0NNBNy,63,
6qlcjGJPTZEwR8nf2nSe9C,5 Seconds of Summer,wildflower,5Rl15oVamLq7FbSb0NNBNy,64,
2bjUEg4jBtKBlPdNrTAppI,5 Seconds of Summer,easier,5Rl15oVamLq7FbSb0NNBNy,69,
1MhXdlCQPnO56T57MfmaRm,5 Seconds of Summer,ghost of you,5Rl15oVamLq7FbSb0NNBNy,76,
2vHfabj6nFebekTYODqntl,5 Seconds of Summer,want you back,5Rl15oVamLq7FbSb0NNBNy,64,
4RY96Asd9IefaL3X4LOLZ8,50 Cent,in da club,3q7HBObVc0L8jNeTe5Gofh,75,
41bIQPBE1lFN0mmw6Lmssz,50 Cent,21 questions,3q7HBObVc0L8jNeTe5Gofh,71,
2I9foKseoFQh07p6sD2voE,50 Cent,many men (wish death),3q7HBObVc0L8jNeTe5Gofh,69,
3ORfa5ilEthp2U0TRcv7kv,50 Cent,patiently waiting,3q7HBObVc0L8jNeTe5Gofh,63,
2D1hlMwWWXpkc3CZJ5U351,50 Cent,p.i.m.p.,3q7HBObVc0L8jNeTe5Gofh,68,
2GoOioZVtOF1iMYfnzkreg,50 Cent,my life,3q7HBObVc0L8jNeTe5Gofh,54,
5D2mYZuzcgjpchVY1pmTPh,50 Cent,candy shop,3q7HBObVc0L8jNeTe5Gofh,79,
,50 Cent,i m the man,,,
4VnYL2m6J9kWrBSw22CXwx,50 Cent,we up,3q7HBObVc0L8jNeTe5Gofh,49,
7jdzEA44GdSp4laVCF3Ztw,50 Cent,best friend,3q7HBObVc0L8jNeTe5Gofh,69,
7BSfkfNNnRf55SeYpGMUkd,65daysofstatic,come to me,6DVVsQAnpHdJjb1nYuOQ6g,12,https://p.scdn.co/mp3-preview/2e0cc5358ca17493b8d4856c72d75b978fed7911?cid=72c9f2b9d3344c91af50a24f4144228f
1qmc6hT39Iq7tXjE5rPGR9,65daysofstatic,the conspiracy of seeds,6DVVsQAnpHdJjb1nYuOQ6g,16,https://p.scdn.co/mp3-preview/2f0dfd51e18b5f6eb2076def049f390daa5fbf5b?cid=72c9f2b9d3344c91af50a24f4144228f
1HGCm2m8Io3QhMywwiAPWP,65daysofstatic,retreat! retreat!,6DVVsQAnpHdJjb1nYuOQ6g,29,https://p.scdn.co/mp3-preview/4a74a24662c9c37420e3b3feb178e3a584b0a82d?cid=72c9f2b9d3344c91af50a24f4144228f
63mG09rYbwzii0lcXhl7MY,65daysofstatic,another code against the gone,6DVVsQAnpHdJjb1nYuOQ6g,15,https://p.scdn.co/mp3-preview/de8ff6090b43f59ee36ffaf9b8e06d116970f2a0?cid=72c9f2b9d3344c91af50a24f4144228f
3PibgbUWMGaYZObGpvGhmJ,65daysofstatic,heat death infinity splitter,6DVVsQAnpHdJjb1nYuOQ6g,26,https://p.scdn.co/mp3-preview/2799b9f6b7e4fe22c90f7c1b269f3ab54b2993e0?cid=72c9f2b9d3344c91af50a24f4144228f
,Three 6 Mafia,sippin  on some syrup,,,
5MYFw4T2gy52pOGBN4EYHS,Three 6 Mafia,stay fly,26s8LSolLfCIY88ysQbIuT,68,https://p.scdn.co/mp3-preview/56db43014efeb814d424588f6616ede16f391f8c?cid=72c9f2b9d3344c91af50a24f4144228f
75RK78POyFmg3u6O1cpBdr,Three 6 Mafia,late nite tip,26s8LSolLfCIY88ysQbIuT,51,https://p.scdn.co/mp3-preview/3e7e1d015ddb7feb40bbcf74f72a572d36242639?cid=72c9f2b9d3344c91af50a24f4144228f
,Three 6 Mafia,it s hard out here for a pimp,,,