track_id,artists,tracks,artist_id,track_popularity,track_url
62bOmKYxYg7dhrC6gH9vFn,*NSYNC,Bye Bye Bye,6Ff53KvcvAj5U7Z1vojB5o,71.0,https://p.scdn.co/mp3-preview/612fd571c0216fa3f2523a77a83abd794c8d9478?cid=72c9f2b9d3344c91af50a24f4144228f
2AW37v0bDyuOzGP3XnmFuA,*NSYNC,It's Gonna Be Me,6Ff53KvcvAj5U7Z1vojB5o,68.0,https://p.scdn.co/mp3-preview/f3bdcf480e1b5fcc2a7de899d1f43c74611b72f9?cid=72c9f2b9d3344c91af50a24f4144228f
73q3FpQVXWk5eSUnyo83E4,*NSYNC,Tearin' up My Heart - Radio Edit,6Ff53KvcvAj5U7Z1vojB5o,64.0,https://p.scdn.co/mp3-preview/9e9edd302e6a06bee2df75f7c812f9f4babace72?cid=72c9f2b9d3344c91af50a24f4144228f
4CCUjYJPbSXLL23BFeBVbI,*NSYNC,Gone,6Ff53KvcvAj5U7Z1vojB5o,52.0,https://p.scdn.co/mp3-preview/eea62070ce8779960f653d7f409531f997ceac57?cid=72c9f2b9d3344c91af50a24f4144228f
4v9WbaxW8HdjqfUiWYWsII,*NSYNC,"Merry Christmas, Happy Holidays",6Ff53KvcvAj5U7Z1vojB5o,39.0,https://p.scdn.co/mp3-preview/158f2eafaa4f03f58cede428618768126aa4d5a7?cid=72c9f2b9d3344c91af50a24f4144228f
0gbysjaH16DW29QpUnowcx,*NSYNC,It Makes Me Ill,6Ff53KvcvAj5U7Z1vojB5o,46.0,https://p.scdn.co/mp3-preview/c00dc4528ddf44eb0717759750a1464c6c878279?cid=72c9f2b9d3344c91af50a24f4144228f
46n2EGFnPC3tzWCN1Aqe26,*NSYNC,This I Promise You,6Ff53KvcvAj5U7Z1vojB5o,66.0,https://p.scdn.co/mp3-preview/0b9a69ffaf5fbb5217f65bd6bc0c7de144a2721d?cid=72c9f2b9d3344c91af50a24f4144228f
0Jc8qF1mUPo1A96HE9QxZz,*NSYNC,Pop,6Ff53KvcvAj5U7Z1vojB5o,57.0,https://p.scdn.co/mp3-preview/edcadba3c2b60c2f5767ccf14ce2f817f1027395?cid=72c9f2b9d3344c91af50a24f4144228f
221LRlPHPuevgE1tuUlof9,*NSYNC,I Want You Back - Radio Edit,6Ff53KvcvAj5U7Z1vojB5o,61.0,https://p.scdn.co/mp3-preview/3cbf84331a097fd1b1c98aba650657a88a7b3092?cid=72c9f2b9d3344c91af50a24f4144228f
7oiMyI6ilKfrt01Q6aZdPl,*shels,Butterflies (on Luci's Way),0Ivm3PYwfVFeq2trxYqLi2,27.0,https://p.scdn.co/mp3-preview/a1d31f04b64515c7f7e027b7651f5ea26f32d75e?cid=72c9f2b9d3344c91af50a24f4144228f
2hsljPUHPA1L5B4uZIo0Sg,*shels,Journey to the Plains,0Ivm3PYwfVFeq2trxYqLi2,34.0,https://p.scdn.co/mp3-preview/58839ae0b9a0bedb4772bccc026ac6dcb7c5f32d?cid=72c9f2b9d3344c91af50a24f4144228f
,Shels,Plains of the Purple Buffalo Pt. 2,,,
3wbGsUYUxJkGElBItCB2Nj,*shels,The Conference of the Birds,0Ivm3PYwfVFeq2trxYqLi2,35.0,https://p.scdn.co/mp3-preview/74d162110f5d3be09cd0ce1d58a844b344df27de?cid=72c9f2b9d3344c91af50a24f4144228f
7vAOaZsR2tdcvHCnl3bhsU,*shels,Conqueror,0Ivm3PYwfVFeq2trxYqLi2,15.0,https://p.scdn.co/mp3-preview/00f36e6cd09ba8af798e02b192e0b4a99a525e26?cid=72c9f2b9d3344c91af50a24f4144228f
4clrAfdFqNgwzflLDqqjqJ,*shels,The Spirit Horse,0Ivm3PYwfVFeq2trxYqLi2,14.0,https://p.scdn.co/mp3-preview/1071a64de2a75158895693c5746497c55e41c380?cid=72c9f2b9d3344c91af50a24f4144228f
6m3SrU56l5J9yCZZ1ePh8w,*shels,Vision Quest,0Ivm3PYwfVFeq2trxYqLi2,19.0,https://p.scdn.co/mp3-preview/2c5394c5e1abffcefa85009dcb62e099aa8a9941?cid=72c9f2b9d3344c91af50a24f4144228f
3YPNWuPO2lUx64DlzrjL4b,*shels,Atoll,0Ivm3PYwfVFeq2trxYqLi2,15.0,https://p.scdn.co/mp3-preview/4de7b2b96de58d37e3b820b244e179c32af36ba0?cid=72c9f2b9d3344c91af50a24f4144228f
48WbbabDVnaitQgj4f3039,1 Giant Leap,"My Culture - Live at Live 8, Murrayfield Stadium, Edinburgh, 6th July 2004",1FrtBRcnPjZjaE9wWMANck,16.0,https://p.scdn.co/mp3-preview/ae366df65c41a3e8523b588d6f381ad326ec8ec2?cid=72c9f2b9d3344c91af50a24f4144228f
,1 Giant Leap,Braided Hair,,,
,1 Giant Leap,Passion,,,
,1 Giant Leap,Daphne,,,
,1 Giant Leap,Arrival,,,
,1 Giant Leap,The Way You Dream,,,
,1 Giant Leap,All Alone (On Eilean Shona),,,
,1 Giant Leap,Racing Away,,,
,1 Giant Leap,Ma’ Africa,,,
0GHRVjxxKDpFBHKMfoTiQ2,1000mods,Vidage,7EgAHTw2PMP7a1tAEtue89,47.0,https://p.scdn.co/mp3-preview/37c1fbfd43c4053d16a183d49425334bbd864d01?cid=72c9f2b9d3344c91af50a24f4144228f
5WwuCMgmm2ADpubXo4qmUz,1000mods,She,7EgAHTw2PMP7a1tAEtue89,31.0,https://p.scdn.co/mp3-preview/de38bed8e426f31eeddf32dc7f5a26867ea88ce8?cid=72c9f2b9d3344c91af50a24f4144228f
0pojbrpMtuUWzojK1F7wOU,1000mods,Electric Carve,7EgAHTw2PMP7a1tAEtue89,37.0,https://p.scdn.co/mp3-preview/ef13f6b7b07171b65c4c222075f04d7e46c0b586?cid=72c9f2b9d3344c91af50a24f4144228f
2RNzwwqSro8Gcuu3svSrhM,1000mods,Low,7EgAHTw2PMP7a1tAEtue89,36.0,https://p.scdn.co/mp3-preview/b43089d233bbc501ba2bcc9a336771b758de6953?cid=72c9f2b9d3344c91af50a24f4144228f
4kyesMU5MvTLGKczuhKnVn,1000mods,Road to Burn,7EgAHTw2PMP7a1tAEtue89,40.0,https://p.scdn.co/mp3-preview/3e59afc6eef70f30721ece30ad82cdbeda0a76e5?cid=72c9f2b9d3344c91af50a24f4144228f
1gl4nHeddPsq9bCaxHFJiW,1000mods,Claws,7EgAHTw2PMP7a1tAEtue89,35.0,https://p.scdn.co/mp3-preview/fdc8ddef8622a35c874ca743a25328c595fea3b1?cid=72c9f2b9d3344c91af50a24f4144228f
2XUkUPWXa5RZP2hGQtXVcR,1000mods,Loose,7EgAHTw2PMP7a1tAEtue89,31.0,https://p.scdn.co/mp3-preview/6b5c40d7f213ee18a7577d540027c176b69663a0?cid=72c9f2b9d3344c91af50a24f4144228f
503S4OpOynqYxV2iaMjQVd,1000mods,Super Van Vacation,7EgAHTw2PMP7a1tAEtue89,27.0,https://p.scdn.co/mp3-preview/85f8021896e6aee973be59d032ae9a046e0c47cd?cid=72c9f2b9d3344c91af50a24f4144228f
0gJ5VXDncxLC3RntVAGHPt,1000mods,The Son,7EgAHTw2PMP7a1tAEtue89,26.0,https://p.scdn.co/mp3-preview/8e9ac3844d3cab441ab0355d42e192d974862dce?cid=72c9f2b9d3344c91af50a24f4144228f
15EQkPa8HPO9ZqNUxrsXwo,1000mods,On a Stone,7EgAHTw2PMP7a1tAEtue89,22.0,https://p.scdn.co/mp3-preview/5d970ae964c71cfa069adef904dbc3ea02505b48?cid=72c9f2b9d3344c91af50a24f4144228f
5HQEmiV2lKnSO6qa2fsR7x,10cc,I'm Not In Love,6i6WlGzQtXtz7GcC5H5st5,70.0,
1LOZMYF5s8qhW7Rv4w2gun,10cc,Dreadlock Holiday,6i6WlGzQtXtz7GcC5H5st5,67.0,
6KEWtSOGKpIXGw6l1uJgsR,10cc,The Things We Do For Love,6i6WlGzQtXtz7GcC5H5st5,66.0,
1QQgSUKCG8GakzMOwi4lFS,10cc,Rubber Bullets,6i6WlGzQtXtz7GcC5H5st5,49.0,https://p.scdn.co/mp3-preview/21232a27e6b08f53aaee945c99e997fd90f39c18?cid=72c9f2b9d3344c91af50a24f4144228f
,10Cc,"I’m Mandy, Fly Me",,,
7zOA2G5QfADpx83SfYGsKd,10cc,Life Is A Minestrone,6i6WlGzQtXtz7GcC5H5st5,39.0,
0U8SDgf7UiNG68oa7CkSrc,10cc,Une Nuit A Paris (Part 1) / The Same Night In Paris (Part 2) / Later The Same Night In Paris (Part 3),6i6WlGzQtXtz7GcC5H5st5,29.0,
3HyZGwZAq9oQJQBzSyjs7Q,10cc,The Wall Street Shuffle,6i6WlGzQtXtz7GcC5H5st5,25.0,
0orDEh9TN4jkgnDIXJkXnN,10cc,The Worst Band In The World,6i6WlGzQtXtz7GcC5H5st5,37.0,
1fMGRxKRtIKNyaMMGrzInM,10cc,Good Morning Judge,6i6WlGzQtXtz7GcC5H5st5,54.0,
471eQ7hcJ7JdGY1NzMmUeg,12 Stones,World So Cold,0DrXhci3WAyo0WJv1RBOG6,55.0,
4lhqal0Hq63U2wETCeBdG1,12 Stones,We Are One,0DrXhci3WAyo0WJv1RBOG6,60.0,
6FFwt1ea9hJ4MfMQLywahm,12 Stones,Anthem For The Underdog,0DrXhci3WAyo0WJv1RBOG6,59.0,
3Yo9kEVE2UVSVFtxNXK2u2,12 Stones,Broken,0DrXhci3WAyo0WJv1RBOG6,51.0,
3X3mBkzuJ9GfQVFrDBI1HO,12 Stones,It Was You,0DrXhci3WAyo0WJv1RBOG6,42.0,
1fbLPjsAXq7gZPtOK9QCZU,12 Stones,Lie To Me,0DrXhci3WAyo0WJv1RBOG6,50.0,
6pd7MGEdSsaXwJblBVML31,12 Stones,The Way I Feel,0DrXhci3WAyo0WJv1RBOG6,42.0,
0487NR3smp6XWZxyq4DVww,12 Stones,Crash,0DrXhci3WAyo0WJv1RBOG6,50.0,
,12 Stones,We Are One (Picture Perfect Sessions),,,
,12 Stones,Lie to Me (Acoustic),,,
3G3cpknRLszl9vH9knbGHt,1200 Micrograms,Mescaline - Original Mix,2opB8qXyAmLYSGEZxp7X3U,29.0,https://p.scdn.co/mp3-preview/dc7361c57262ee2ce4e307e841185e47da86a6a0?cid=72c9f2b9d3344c91af50a24f4144228f
1c6j6uYwk6DwuqwFAzetz2,1200 Micrograms,Acid For Nothing - Original Mix,2opB8qXyAmLYSGEZxp7X3U,40.0,https://p.scdn.co/mp3-preview/3bbbaf138a7937e5f298d9e89463a275231251f7?cid=72c9f2b9d3344c91af50a24f4144228f
4rv7onMvXIywjbdYs0OI25,1200 Micrograms,LSD - Original Mix,2opB8qXyAmLYSGEZxp7X3U,29.0,https://p.scdn.co/mp3-preview/508fb2f520439c4209293ae07efa443adb52b7cd?cid=72c9f2b9d3344c91af50a24f4144228f
1npvnSIrXCHuKVYKS7KK4G,1200 Micrograms,Marijuana - Original Mix,2opB8qXyAmLYSGEZxp7X3U,20.0,https://p.scdn.co/mp3-preview/66975c0f6026c79f9916d300cbfee2125fe8ac38?cid=72c9f2b9d3344c91af50a24f4144228f
4ymwVkFk2V9N1fsmRYBtJa,1200 Micrograms,DMT - Original Mix,2opB8qXyAmLYSGEZxp7X3U,23.0,https://p.scdn.co/mp3-preview/5ee3cdb379f95aa8921066712cd183ff09d330f3?cid=72c9f2b9d3344c91af50a24f4144228f
4qrzgVfjMTVFUcPZRcuyYc,1200 Micrograms,Shiva's India - Outsiders Remix,2opB8qXyAmLYSGEZxp7X3U,32.0,https://p.scdn.co/mp3-preview/a5013860796a125087741196dbec88febbaf0aa8?cid=72c9f2b9d3344c91af50a24f4144228f
49NiBykpqF9sqSXnXR9qV9,1200 Micrograms,Ayahuasca - Original Mix,2opB8qXyAmLYSGEZxp7X3U,27.0,https://p.scdn.co/mp3-preview/4472462fc443a50b6f4d7f6f7474ab3ebc09da30?cid=72c9f2b9d3344c91af50a24f4144228f
5fwwHcpISgKv0ehPfsCeOS,1200 Micrograms,Magic Mushrooms - Original Mix,2opB8qXyAmLYSGEZxp7X3U,23.0,https://p.scdn.co/mp3-preview/ec6a9cd21a0b9755e9c2119bf61d588f5b3d5dfe?cid=72c9f2b9d3344c91af50a24f4144228f
1DDRdAGahMxVa5hqN6agOk,1200 Micrograms,Mescaline - Astrix Remix,2opB8qXyAmLYSGEZxp7X3U,20.0,https://p.scdn.co/mp3-preview/97fbba9741d5f27d36c939139a650e1d61435388?cid=72c9f2b9d3344c91af50a24f4144228f
6vD9TkHRdxH5fpGxmAjnIO,1200 Micrograms,Salvia Divinorum - Original Mix,2opB8qXyAmLYSGEZxp7X3U,19.0,https://p.scdn.co/mp3-preview/33b71c6c995b544ad463e7a74a7a0eb4975c9bd9?cid=72c9f2b9d3344c91af50a24f4144228f
685JFuMdEEinDVrVvPPmog,12th Planet,Hide It All - Bailo & Bite Me Remix,3V1h3kAdiVDBiwlY2i6dJz,32.0,https://p.scdn.co/mp3-preview/e17e907e8847b3a27552720eaef709477f3cc411?cid=72c9f2b9d3344c91af50a24f4144228f
35Qf9mP6LoopjOVwgPAKoY,12th Planet,Swamplex Terrestrial,3V1h3kAdiVDBiwlY2i6dJz,26.0,https://p.scdn.co/mp3-preview/bfe1fffd4835013728357e1958ff1e512c2ad5a1?cid=72c9f2b9d3344c91af50a24f4144228f
2A7C2pIp1N0sgOi0aM6z3g,12th Planet,Let It Bang,3V1h3kAdiVDBiwlY2i6dJz,20.0,https://p.scdn.co/mp3-preview/5cb107204eaa46ec6101e2d47d635c143e39fa89?cid=72c9f2b9d3344c91af50a24f4144228f
1HJW2w61lh3XcsnfnOR9p4,12th Planet,Follow,3V1h3kAdiVDBiwlY2i6dJz,40.0,https://p.scdn.co/mp3-preview/ef07dc598b117870f027d50d635d6ee99961f848?cid=72c9f2b9d3344c91af50a24f4144228f
5TMYoiWElQzD4UsTvtX8kx,12th Planet,Let Us Prey,3V1h3kAdiVDBiwlY2i6dJz,15.0,https://p.scdn.co/mp3-preview/15a9234eff6e1126bed600418e8e88e0f62d3b2c?cid=72c9f2b9d3344c91af50a24f4144228f
5Yu2XAETE0p1dLzbgoX3WN,12th Planet,Supernova,3V1h3kAdiVDBiwlY2i6dJz,24.0,https://p.scdn.co/mp3-preview/a492095a74937ed70307a86962abd5d12a7119d6?cid=72c9f2b9d3344c91af50a24f4144228f
3h8qGav0CXwYxQdio24Q1U,12th Planet,No Other,3V1h3kAdiVDBiwlY2i6dJz,15.0,https://p.scdn.co/mp3-preview/39aaee4f173e063fbb20500dae68063e40ddbd3b?cid=72c9f2b9d3344c91af50a24f4144228f
1mZmjuLoslfYSEOXojo8BS,16 Horsepower,Black Soul Choir,188gwh9RnRT58ZQPwqwHE3,33.0,
6TdOOA2PBxP8jKO0p9Elc9,16 Horsepower,American Wheeze,188gwh9RnRT58ZQPwqwHE3,33.0,https://p.scdn.co/mp3-preview/a58993d86f104f207c722c7381b02b98321ff0b4?cid=72c9f2b9d3344c91af50a24f4144228f
4hFUodlSK6gjLoz1US6snk,16 Horsepower,I Seen What I Saw,188gwh9RnRT58ZQPwqwHE3,25.0,
,16 Horsepower,Hutterite Mile,,,
7My5DIityXisMnm7PRfrTt,16 Horsepower,Haw,188gwh9RnRT58ZQPwqwHE3,22.0,
7esMcjyZVhZfFyv7VYxVA6,16 Horsepower,Scrawled In Sap,188gwh9RnRT58ZQPwqwHE3,19.0,
1nzQhAyJBeWmR75nGcrbKG,16 Horsepower,Brimstone Rock,188gwh9RnRT58ZQPwqwHE3,28.0,
6sqoptJC1QKPjqes9tu0R4,16 Horsepower,Wayfaring Stranger,188gwh9RnRT58ZQPwqwHE3,30.0,https://p.scdn.co/mp3-preview/0cfc759cea677e77773587a2efdaf2c888ba306c?cid=72c9f2b9d3344c91af50a24f4144228f
,16 Horsepower,Outlaw Song,,,
5nfiSyMCAPc92bOtuvMxgm,16 Horsepower,Low Estate,188gwh9RnRT58ZQPwqwHE3,13.0,
6WggMrFlBurKs4sTGSV4RG,18 Carat Affair,Love You Like Before,0va8U409dr4gA1zQ2gSnD5,33.0,https://p.scdn.co/mp3-preview/d7941561f022cf57c28059bcf46d954d488cf8f8?cid=72c9f2b9d3344c91af50a24f4144228f
0OGa4HYtYRWYysrGjpGVyw,18 Carat Affair,Desire,0va8U409dr4gA1zQ2gSnD5,43.0,https://p.scdn.co/mp3-preview/83a88e0ca7d204a419bb556a27ee51a9f1e41c7e?cid=72c9f2b9d3344c91af50a24f4144228f
5qkWTBmDmZjogwIvbKtJQv,2 Chainz,Birthday Song,17lzZA2AlOHwCwFALHttmp,55.0,
6j9iyrrmqWlQZ5SD1hSTaq,2 Chainz,No Lie,17lzZA2AlOHwCwFALHttmp,60.0,
6J5sxraPPZ4b0CVOGAgpXj,2 Chainz,I'm Different,17lzZA2AlOHwCwFALHttmp,58.0,
39pS70eeDvyCAF3t8NAlVV,2 Chainz,Good Drank,17lzZA2AlOHwCwFALHttmp,59.0,
07RXBKfyCYIYRMLCvlGWXU,2 Chainz,Feds Watching,17lzZA2AlOHwCwFALHttmp,48.0,
1nX9KhK3Fff27SnrIor2Yb,2 Chainz,4 AM,17lzZA2AlOHwCwFALHttmp,66.0,
6VdntIdcyyW0dGooUcSi8i,2 Chainz,Watch Out,17lzZA2AlOHwCwFALHttmp,0.0,
6H0AwSQ20mo62jGlPGB8S6,2 Chainz,It's A Vibe,17lzZA2AlOHwCwFALHttmp,71.0,
0NA4ULVsnaQ0JhLT0fBxPA,2 Chainz,Crack,17lzZA2AlOHwCwFALHttmp,37.0,
5tkDCf3xKRZjT5RbCb3sZB,2 Chainz,Big Amount,17lzZA2AlOHwCwFALHttmp,53.0,
5eqK0tbzUPo2SoeZsov04s,21 Savage,Bank Account,1URnnhqYAYcrqrcwql10ft,77.0,https://p.scdn.co/mp3-preview/f604f6987f32e3208b4b121b0ab85e15d51003da?cid=72c9f2b9d3344c91af50a24f4144228f
2t8yVaLvJ0RenpXUIAC52d,21 Savage,a lot,1URnnhqYAYcrqrcwql10ft,79.0,https://p.scdn.co/mp3-preview/1fb3f4819c85b41a294b638c06cd562df1f09f80?cid=72c9f2b9d3344c91af50a24f4144228f
50a8bKqlwDEqeiEknrzkTO,21 Savage,ball w/o you,1URnnhqYAYcrqrcwql10ft,77.0,https://p.scdn.co/mp3-preview/87ade0f6298b4ddfe4c105bcc39c95411439020c?cid=72c9f2b9d3344c91af50a24f4144228f
3cqZH3cqvfbV8wVbvHyPbG,21 Savage,Red Opps,1URnnhqYAYcrqrcwql10ft,61.0,https://p.scdn.co/mp3-preview/61482a8b1dda9ffcaf6b18e6e2082a8bf6bdaf40?cid=72c9f2b9d3344c91af50a24f4144228f
0hPLZrnDgtKxrym1BHjDhd,21 Savage,can't leave without it,1URnnhqYAYcrqrcwql10ft,71.0,https://p.scdn.co/mp3-preview/94b822de57b9ce4d46f3a07398f521de016baf3d?cid=72c9f2b9d3344c91af50a24f4144228f
2FUNBaa5DwItJtYEBgAblU,21 Savage,monster,1URnnhqYAYcrqrcwql10ft,61.0,https://p.scdn.co/mp3-preview/53081291a5b459b508cc5dd8f95fdaf741ffc56e?cid=72c9f2b9d3344c91af50a24f4144228f
4IO8X9W69dIQe0EC5ALXhq,21 Savage,Immortal,1URnnhqYAYcrqrcwql10ft,71.0,https://p.scdn.co/mp3-preview/e5dffe32645df3ea781c2fb4af4f06587b5c6337?cid=72c9f2b9d3344c91af50a24f4144228f
4paAidoE8VAemwU4jgCc6l,21 Savage,all my friends,1URnnhqYAYcrqrcwql10ft,63.0,https://p.scdn.co/mp3-preview/6e1a4a7794ee226d2e0ff9b9a0dbee5ab13f0873?cid=72c9f2b9d3344c91af50a24f4144228f
0G149jkGWKwrPXUGkEDgWM,21 Savage,Numb,1URnnhqYAYcrqrcwql10ft,60.0,https://p.scdn.co/mp3-preview/bbfa4fab030f3fd958fd02fdf6cb773afeba7c8e?cid=72c9f2b9d3344c91af50a24f4144228f
2QgfDF0fQ4sskDthP8MG5w,21 Savage,asmr,1URnnhqYAYcrqrcwql10ft,60.0,https://p.scdn.co/mp3-preview/a81c88669dd2a68381ac3f2b6cc4fc77388ae334?cid=72c9f2b9d3344c91af50a24f4144228f
4UreYC5yPdhZthaIVDAK5e,２８１４,Lost in a Dream,2wBpW4bAGYVe0yJcBeCTyd,24.0,https://p.scdn.co/mp3-preview/5860644431155a0e9b6c0e457de87825ea18069f?cid=72c9f2b9d3344c91af50a24f4144228f
,2814,遠くの愛好家 (Distant Lovers),,,
1jkuOkpviYuEGLIo4LPCgI,2CELLOS,Bang Bang (feat. Sky Ferreira),6Fi8CHfO8WGtu3yO8c2Mc4,30.0,https://p.scdn.co/mp3-preview/70c28c74755a7c60ac80fc52dc20b34dde1b69a3?cid=72c9f2b9d3344c91af50a24f4144228f
1iqy3M9K1lmr0GXI0wOW41,2CELLOS,Supermassive Black Hole (feat. Naya Rivera),6Fi8CHfO8WGtu3yO8c2Mc4,36.0,https://p.scdn.co/mp3-preview/5322a3b7a817f75bad410b138cb635fea0a89891?cid=72c9f2b9d3344c91af50a24f4144228f
63J1RStsmoVKXNTCHRNxii,2NE1,COME BACK HOME,1l0mKo96Jh9HVYONcRl3Yp,58.0,https://p.scdn.co/mp3-preview/d05161dc1e8e4402a9968f36f948d2f39f6f6d8e?cid=72c9f2b9d3344c91af50a24f4144228f
,2Ne1,Can’t Nobody (English Version),,,
,2Ne1,Come Back Home (Unplugged Version),,,
,2Ne1,Lonely (JP Ver.),,,
0Z2J91b2iTGLVTZC4fKgxf,2Pac,Hit 'Em Up - Single Version,1ZwdS5xdxEREPySFridCfh,81.0,
1ofhfV90EnYhEr7Un2fWiv,2Pac,Changes,1ZwdS5xdxEREPySFridCfh,71.0,
0XRbYXQUymj9SJkrr8YK5B,2Pac,Keep Ya Head Up,1ZwdS5xdxEREPySFridCfh,69.0,
2zoobJFEB9h15fjYjRd6oP,2Pac,Hail Mary,1ZwdS5xdxEREPySFridCfh,66.0,
6tDxrq4FxEL2q15y37tXT9,2Pac,Dear Mama,1ZwdS5xdxEREPySFridCfh,71.0,
3ia3dJETSOllPsv3LJkE35,2Pac,California Love - Original Version,1ZwdS5xdxEREPySFridCfh,78.0,
5g9lS8deSIxItFBmZRC4vN,2Pac,Ambitionz Az A Ridah,1ZwdS5xdxEREPySFridCfh,78.0,
4VQNCzfZ3MdHEwwErNXpBo,2Pac,All Eyez On Me (ft. Big Syke),1ZwdS5xdxEREPySFridCfh,76.0,
1qZqFtSINOOmjYH1UE9805,2Pac,Life Goes On,1ZwdS5xdxEREPySFridCfh,58.0,
6LwrEZNkvFTOypNwSLjuaJ,2Pac,2 Of Amerikaz Most Wanted (ft. Snoop Doggy Dogg),1ZwdS5xdxEREPySFridCfh,67.0,
3NLrRZoMF0Lx6zTlYqeIo4,3 Doors Down,Here Without You,2RTUTCvo6onsAnheUk3aL9,75.0,
6ZOBP3NvffbU4SZcrnt1k6,3 Doors Down,Kryptonite,2RTUTCvo6onsAnheUk3aL9,79.0,
3WbphvawbMZ8FyqDxYGdSQ,3 Doors Down,When I'm Gone,2RTUTCvo6onsAnheUk3aL9,68.0,
1aC1IBAETh2XYGOE8kCC6t,3 Doors Down,Loser,2RTUTCvo6onsAnheUk3aL9,60.0,
0uybt73QFXaLCoxuVf6fhm,3 Doors Down,It's Not My Time,2RTUTCvo6onsAnheUk3aL9,61.0,
3PbHle8KhJp6GuO1jLdEmQ,3 Doors Down,Be Like That,2RTUTCvo6onsAnheUk3aL9,62.0,
3THdexHRmED4euIY91Zrxc,3 Doors Down,Away From The Sun,2RTUTCvo6onsAnheUk3aL9,56.0,
0nNVR2iDM3eVzEgMi78vQm,3 Doors Down,Let Me Go,2RTUTCvo6onsAnheUk3aL9,55.0,
69fOcFyjsjZtUHyWGEQndl,3 Doors Down,Landing In London,2RTUTCvo6onsAnheUk3aL9,50.0,
2C1m7Lw5cUpFWUkN6Tovik,3 Doors Down,The Road I'm On,2RTUTCvo6onsAnheUk3aL9,49.0,
6Fe3Flc9SjE03pqwD6PVQl,311,Amber,41Q0HrwWBtuUkJc7C1Rp6K,64.0,https://p.scdn.co/mp3-preview/11ccf09b6878825b98c54c01630adfabe42a0f25?cid=72c9f2b9d3344c91af50a24f4144228f
0LtsuNRz3IMRrHCYO9fKRk,311,Beautiful Disaster,41Q0HrwWBtuUkJc7C1Rp6K,62.0,https://p.scdn.co/mp3-preview/d47b7a52af2851108ab9c8516fbe5e72343ea3c4?cid=72c9f2b9d3344c91af50a24f4144228f
0HDaKOlVAfUWXdFR2RhBtN,311,Down,41Q0HrwWBtuUkJc7C1Rp6K,59.0,https://p.scdn.co/mp3-preview/adf173c08fbb99838c0dc5f65723b356a41a8b6a?cid=72c9f2b9d3344c91af50a24f4144228f
3mtukCAgd0mE260QcBfXAX,311,Love Song,41Q0HrwWBtuUkJc7C1Rp6K,59.0,https://p.scdn.co/mp3-preview/51b902259f3f21236bb1d8f09183f9e9dc0e6479?cid=72c9f2b9d3344c91af50a24f4144228f
18ZOH3KKu5Elt5ysocFyX4,311,All Mixed Up,41Q0HrwWBtuUkJc7C1Rp6K,60.0,https://p.scdn.co/mp3-preview/2de654a9b858bae177d0b83e4958860e57521d3f?cid=72c9f2b9d3344c91af50a24f4144228f
2PGaYCles9SXXCjYOcjyfk,311,Too Much To Think,41Q0HrwWBtuUkJc7C1Rp6K,44.0,https://p.scdn.co/mp3-preview/9e1e1ba4d589b86619f91f70d3460e920a62cd2c?cid=72c9f2b9d3344c91af50a24f4144228f
1mHZhWJu6RVJhyu3USZdI5,311,I'll Be Here Awhile,41Q0HrwWBtuUkJc7C1Rp6K,53.0,https://p.scdn.co/mp3-preview/cc443c42785a0dd44b0093ad4f564e232305665b?cid=72c9f2b9d3344c91af50a24f4144228f
4HcgoL4KNExj5LgmmFCj0D,311,Come Original,41Q0HrwWBtuUkJc7C1Rp6K,45.0,https://p.scdn.co/mp3-preview/51f79fc09aa39303e0181f6f5f54967c9870cca5?cid=72c9f2b9d3344c91af50a24f4144228f
72883LUIaCoAnlKjTaiXip,311,Too Late,41Q0HrwWBtuUkJc7C1Rp6K,32.0,https://p.scdn.co/mp3-preview/4aa93ec61c41f2e1aea4b725ab2125b50b4d48f1?cid=72c9f2b9d3344c91af50a24f4144228f
6pqjhO9cDziDKLK0Oejaqz,311,Beyond the Gray Sky,41Q0HrwWBtuUkJc7C1Rp6K,31.0,https://p.scdn.co/mp3-preview/9cae6423f58d929247cc47d00d1b76f62de0e7ef?cid=72c9f2b9d3344c91af50a24f4144228f
5JKU2tXiG3yvJtefNwe7ZQ,3LAU,Touch,4YLQaW1UU3mrVetC8gNkg5,50.0,https://p.scdn.co/mp3-preview/1f37f1f5f84e1b3bb5aefa9e9f3c5a809c55a21b?cid=72c9f2b9d3344c91af50a24f4144228f
2ig0x2zNvcOugS1Z0YCnHb,3LAU,Is It Love,4YLQaW1UU3mrVetC8gNkg5,48.0,https://p.scdn.co/mp3-preview/01339ebecd577aa683ae5fc78424f503101da97f?cid=72c9f2b9d3344c91af50a24f4144228f
1nas007nDbzLwDGwvMdz79,3LAU,How You Love Me,4YLQaW1UU3mrVetC8gNkg5,53.0,
0YVh9PLITnoaMgc2LG3sqi,3LAU,Star Crossed,4YLQaW1UU3mrVetC8gNkg5,33.0,https://p.scdn.co/mp3-preview/5cd8f23cc67cc2f52993c98d19f61536f3db0a62?cid=72c9f2b9d3344c91af50a24f4144228f
0ZDDzzxry7vf3rrg2xYOo6,3LAU,On My Own,4YLQaW1UU3mrVetC8gNkg5,38.0,https://p.scdn.co/mp3-preview/5fbc353f6c1bda599d14756e660f084c206d3212?cid=72c9f2b9d3344c91af50a24f4144228f
1UFq2OJXahilmefKhSIA8p,3LAU,On My Mind,4YLQaW1UU3mrVetC8gNkg5,38.0,https://p.scdn.co/mp3-preview/a2c90b013d38741ed52f85236fddbb35897a2f1e?cid=72c9f2b9d3344c91af50a24f4144228f
0YRRY9xvuAQgBHW9qiFwNr,3LAU,Close,4YLQaW1UU3mrVetC8gNkg5,35.0,https://p.scdn.co/mp3-preview/96af5fa5653ff0d84554ddd1457a4d59b0a4daf6?cid=72c9f2b9d3344c91af50a24f4144228f
0fHvKAddOl23DNbklkGhMS,3LAU,You Want More,4YLQaW1UU3mrVetC8gNkg5,31.0,https://p.scdn.co/mp3-preview/0c5b5aef1ae888ff3db176f37a97d631fe0c1851?cid=72c9f2b9d3344c91af50a24f4144228f
7K0PcGvMUi3KF7El8U6GKZ,3LAU,Walk Away,4YLQaW1UU3mrVetC8gNkg5,34.0,https://p.scdn.co/mp3-preview/adb8753e2731322493183ea30ee98a954db9fda9?cid=72c9f2b9d3344c91af50a24f4144228f
1QCVN7PEJ0dMiIDOG6ZJUf,3LAU,Tokyo (feat. XIRA),4YLQaW1UU3mrVetC8gNkg5,50.0,https://p.scdn.co/mp3-preview/39700bc0ec78e4ff52739f4cdbd30a67990ed12b?cid=72c9f2b9d3344c91af50a24f4144228f
,3Oh!3,Don’t Trust Me,,,
3CTADTq78UJGBj6qyuaqAB,3OH!3,MY DICK,0FWzNDaEu9jdgcYTbcOa4F,36.0,https://p.scdn.co/mp3-preview/374ba81b811a19ccf5ac6b7ea749d23a539f169a?cid=72c9f2b9d3344c91af50a24f4144228f
1hBM2D1ULT3aeKuddSwPsK,3OH!3,STARSTRUKK (feat. Katy Perry),0FWzNDaEu9jdgcYTbcOa4F,64.0,https://p.scdn.co/mp3-preview/ea2615f3db7add4e1bd3e2632d041423b382dde3?cid=72c9f2b9d3344c91af50a24f4144228f
17tDv8WA8IhqE8qzuQn707,3OH!3,My First Kiss (feat. Ke$ha),0FWzNDaEu9jdgcYTbcOa4F,62.0,https://p.scdn.co/mp3-preview/8f5acdc9d3994c62aa5e1d7570e5ead837868ea2?cid=72c9f2b9d3344c91af50a24f4144228f
3JfbMm4LfBmm96mkKhyG6I,3OH!3,RICHMAN,0FWzNDaEu9jdgcYTbcOa4F,46.0,https://p.scdn.co/mp3-preview/cb72b8f16a0ff4b987fccc217d876e79656eae55?cid=72c9f2b9d3344c91af50a24f4144228f
,3Oh!3,I’m Not Your Boyfriend Baby,,,
1LjHre9uHSLMuUrKsl6ppX,3OH!3,Touchin on My,0FWzNDaEu9jdgcYTbcOa4F,50.0,https://p.scdn.co/mp3-preview/f4b4ff3e389614b0b5268ed4eb18163fd53a97e5?cid=72c9f2b9d3344c91af50a24f4144228f
0R97k5AJy1udJI6mGV82FJ,3OH!3,Dirty Mind,0FWzNDaEu9jdgcYTbcOa4F,64.0,https://p.scdn.co/mp3-preview/cf3f7a5d1789ee05ec78e72323e58bb7c62db897?cid=72c9f2b9d3344c91af50a24f4144228f
79fmrMgB2y6IP9lrKLclyn,45 Grave,Party Time - Re-Recorded - 2022 Mix,7swtUG7Md62y3wP2huMeab,12.0,https://p.scdn.co/mp3-preview/bda048265896ae1e710e2e646f06cb834a948259?cid=72c9f2b9d3344c91af50a24f4144228f
1Khz3jzqOomoHt8JgREX0S,45 Grave,Riboflavin,7swtUG7Md62y3wP2huMeab,33.0,https://p.scdn.co/mp3-preview/7a9a497011c5e8168ecd5e0796499c5700a97e28?cid=72c9f2b9d3344c91af50a24f4144228f
2nBCXzLuyPD6nYopKqYFwH,45 Grave,Evil,7swtUG7Md62y3wP2huMeab,34.0,https://p.scdn.co/mp3-preview/31b81a587202942cca20d33c350e9ca099407b83?cid=72c9f2b9d3344c91af50a24f4144228f
42FSBOSnDne4cZKDDRWoHX,45 Grave,45 Grave,7swtUG7Md62y3wP2huMeab,15.0,https://p.scdn.co/mp3-preview/dd929981719304f9282b14981b5325bbab109fcb?cid=72c9f2b9d3344c91af50a24f4144228f
2zbPBH3SWhHIJwlkOMoTpD,45 Grave,Insurance from God,7swtUG7Md62y3wP2huMeab,19.0,https://p.scdn.co/mp3-preview/06f9a837a8e823331c44c7d9b8cdfbeda0e6320f?cid=72c9f2b9d3344c91af50a24f4144228f
6svQksT8PAl8MNGArMWxGY,45 Grave,Slice O' Life,7swtUG7Md62y3wP2huMeab,17.0,https://p.scdn.co/mp3-preview/11ebc9de5ce00b043bc6b8d10684edf5c2c94b5a?cid=72c9f2b9d3344c91af50a24f4144228f
1yUmIktbVZpA4YjY38lUP8,45 Grave,Phantoms,7swtUG7Md62y3wP2huMeab,18.0,https://p.scdn.co/mp3-preview/ac56bf180a3d3cff1e0ff28d820dd959ff344085?cid=72c9f2b9d3344c91af50a24f4144228f
7vsCsusYcnsoPzV1WRyAyA,45 Grave,Violent World,7swtUG7Md62y3wP2huMeab,19.0,https://p.scdn.co/mp3-preview/3a5cb7ef626ad762842dee1e1f8da1f6ede6a725?cid=72c9f2b9d3344c91af50a24f4144228f
4EoD6rgQw4Gi2MTvwGNTlX,45 Grave,Procession,7swtUG7Md62y3wP2huMeab,16.0,https://p.scdn.co/mp3-preview/aaa04f69841fa1873c5124395f3a0027b6a0f1f6?cid=72c9f2b9d3344c91af50a24f4144228f
3kUzWn5DDRlHBP7obj10Fo,45 Grave,Bad Love,7swtUG7Md62y3wP2huMeab,16.0,https://p.scdn.co/mp3-preview/b408247ed4d71c063e8905792eeec20bd24c0a3a?cid=72c9f2b9d3344c91af50a24f4144228f
2iUXsYOEPhVqEBwsqP70rE,5 Seconds of Summer,Youngblood,5Rl15oVamLq7FbSb0NNBNy,81.0,
1gugDOSMREb34Xo0c1PlxM,5 Seconds of Summer,She Looks So Perfect,5Rl15oVamLq7FbSb0NNBNy,73.0,
26wLOs3ZuHJa2Ihhx6QIE6,5 Seconds of Summer,Teeth,5Rl15oVamLq7FbSb0NNBNy,77.0,
3567eNX2L3RkkMkwspncMH,5 Seconds of Summer,Lie To Me,5Rl15oVamLq7FbSb0NNBNy,69.0,
19hh7DkfRBrpRGYfKlw7jb,5 Seconds of Summer,Valentine,5Rl15oVamLq7FbSb0NNBNy,62.0,
5EbidH3lGB30WuDsoR4km6,5 Seconds of Summer,No Shame,5Rl15oVamLq7FbSb0NNBNy,63.0,
6qlcjGJPTZEwR8nf2nSe9C,5 Seconds of Summer,Wildflower,5Rl15oVamLq7FbSb0NNBNy,64.0,
2bjUEg4jBtKBlPdNrTAppI,5 Seconds of Summer,Easier,5Rl15oVamLq7FbSb0NNBNy,69.0,
1MhXdlCQPnO56T57MfmaRm,5 Seconds of Summer,Ghost Of You,5Rl15oVamLq7FbSb0NNBNy,76.0,
2vHfabj6nFebekTYODqntl,5 Seconds of Summer,Want You Back,5Rl15oVamLq7FbSb0NNBNy,64.0,
4RY96Asd9IefaL3X4LOLZ8,50 Cent,In Da Club,3q7HBObVc0L8jNeTe5Gofh,75.0,
41bIQPBE1lFN0mmw6Lmssz,50 Cent,21 Questions,3q7HBObVc0L8jNeTe5Gofh,72.0,
2I9foKseoFQh07p6sD2voE,50 Cent,Many Men (Wish Death),3q7HBObVc0L8jNeTe5Gofh,70.0,
3ORfa5ilEthp2U0TRcv7kv,50 Cent,Patiently Waiting,3q7HBObVc0L8jNeTe5Gofh,64.0,
2D1hlMwWWXpkc3CZJ5U351,50 Cent,P.I.M.P.,3q7HBObVc0L8jNeTe5Gofh,69.0,
2GoOioZVtOF1iMYfnzkreg,50 Cent,My Life,3q7HBObVc0L8jNeTe5Gofh,54.0,
5D2mYZuzcgjpchVY1pmTPh,50 Cent,Candy Shop,3q7HBObVc0L8jNeTe5Gofh,80.0,
3LmuxO8mh3wwIfRUqHJFFy,50 Cent,I'm The Man,3q7HBObVc0L8jNeTe5Gofh,65.0,
4VnYL2m6J9kWrBSw22CXwx,50 Cent,We Up,3q7HBObVc0L8jNeTe5Gofh,50.0,
7jdzEA44GdSp4laVCF3Ztw,50 Cent,Best Friend,3q7HBObVc0L8jNeTe5Gofh,70.0,
7BSfkfNNnRf55SeYpGMUkd,65daysofstatic,Come To Me,6DVVsQAnpHdJjb1nYuOQ6g,12.0,https://p.scdn.co/mp3-preview/2e0cc5358ca17493b8d4856c72d75b978fed7911?cid=72c9f2b9d3344c91af50a24f4144228f
1qmc6hT39Iq7tXjE5rPGR9,65daysofstatic,The Conspiracy of Seeds,6DVVsQAnpHdJjb1nYuOQ6g,16.0,https://p.scdn.co/mp3-preview/2f0dfd51e18b5f6eb2076def049f390daa5fbf5b?cid=72c9f2b9d3344c91af50a24f4144228f
1HGCm2m8Io3QhMywwiAPWP,65daysofstatic,Retreat! Retreat!,6DVVsQAnpHdJjb1nYuOQ6g,30.0,https://p.scdn.co/mp3-preview/4a74a24662c9c37420e3b3feb178e3a584b0a82d?cid=72c9f2b9d3344c91af50a24f4144228f
63mG09rYbwzii0lcXhl7MY,65daysofstatic,Another Code Against the Gone,6DVVsQAnpHdJjb1nYuOQ6g,15.0,https://p.scdn.co/mp3-preview/de8ff6090b43f59ee36ffaf9b8e06d116970f2a0?cid=72c9f2b9d3344c91af50a24f4144228f
3PibgbUWMGaYZObGpvGhmJ,65daysofstatic,Heat Death Infinity Splitter,6DVVsQAnpHdJjb1nYuOQ6g,26.0,https://p.scdn.co/mp3-preview/2799b9f6b7e4fe22c90f7c1b269f3ab54b2993e0?cid=72c9f2b9d3344c91af50a24f4144228f
2EduiM2UNwjCC7PsLxnOCH,Three 6 Mafia,Sippin On Some Syrup (feat. UGK (Underground Kingz) & Project Pat),26s8LSolLfCIY88ysQbIuT,58.0,https://p.scdn.co/mp3-preview/2430a27f21f8d77f24efb94bf03de44c73ad7aeb?cid=72c9f2b9d3344c91af50a24f4144228f
5MYFw4T2gy52pOGBN4EYHS,Three 6 Mafia,Stay Fly,26s8LSolLfCIY88ysQbIuT,69.0,https://p.scdn.co/mp3-preview/56db43014efeb814d424588f6616ede16f391f8c?cid=72c9f2b9d3344c91af50a24f4144228f
75RK78POyFmg3u6O1cpBdr,Three 6 Mafia,Late Nite Tip,26s8LSolLfCIY88ysQbIuT,52.0,https://p.scdn.co/mp3-preview/3e7e1d015ddb7feb40bbcf74f72a572d36242639?cid=72c9f2b9d3344c91af50a24f4144228f
